entityID,eventID
image_07840dcc-0d99-4ab4-973b-7e4a8e20b56d,4bb69c45-f6e5-4988-966a-6f7a8eac1117
image_401386c7-cc7a-46e5-9160-48c6158624a3,4bb69c45-f6e5-4988-966a-6f7a8eac1117
image_ca3ff293-89a4-425d-a853-5572837c5b83,4bb69c45-f6e5-4988-966a-6f7a8eac1117
image_e8b8e44c-491c-45d2-8928-aa5996c07584,4bb69c45-f6e5-4988-966a-6f7a8eac1117
image_b8690a15-652a-4f08-9562-1797671410b8,4bb69c45-f6e5-4988-966a-6f7a8eac1117
image_64734615-ccaf-4c48-b63e-d7b07bdc6d39,4bb69c45-f6e5-4988-966a-6f7a8eac1117
image_12ce5004-9427-41ff-bcba-99b09c716e81,4bb69c45-f6e5-4988-966a-6f7a8eac1117
image_f372acaf-1d46-4244-8edf-5f804da1e092,4bb69c45-f6e5-4988-966a-6f7a8eac1117
image_97140835-6245-4adb-b84d-af09045389cf,4bb69c45-f6e5-4988-966a-6f7a8eac1117
image_d1326349-76fd-4e83-a20c-a7994e4c0da2,4bb69c45-f6e5-4988-966a-6f7a8eac1117
image_017e3d07-3e6c-45a2-adbd-e7308c74f656,f99bfff4-07d0-485b-a390-7cf04434c5cb
image_e82ea167-73a2-4cd3-a819-9d94a206a75f,f99bfff4-07d0-485b-a390-7cf04434c5cb
image_8aab9351-ccf3-499a-bf1a-8f98a3957b0f,f99bfff4-07d0-485b-a390-7cf04434c5cb
image_dd543fc8-8bf8-4a85-a026-1469367cb7f8,f99bfff4-07d0-485b-a390-7cf04434c5cb
image_6affb228-efd9-4327-acbf-fdc5cf8c8816,f99bfff4-07d0-485b-a390-7cf04434c5cb
image_ef3afb3b-b922-4347-ad0d-125c20c3d822,f99bfff4-07d0-485b-a390-7cf04434c5cb
image_29aef5c3-20a6-4701-9027-8b04c620cda0,f99bfff4-07d0-485b-a390-7cf04434c5cb
image_200e99c0-692e-46f2-aa44-7f7dc599757a,f99bfff4-07d0-485b-a390-7cf04434c5cb
image_97b70ded-6f6b-480c-b386-b6d11f045907,f99bfff4-07d0-485b-a390-7cf04434c5cb
image_bbd0d520-665a-48f0-8c3a-f176b1d52076,f99bfff4-07d0-485b-a390-7cf04434c5cb
image_75e6d1df-1ede-4ca7-a8b0-9cda64493f4d,45abeadc-731d-4445-8079-9fe1fb2ad085
image_948c2184-a964-494c-8416-ea08827697ba,45abeadc-731d-4445-8079-9fe1fb2ad085
image_8f0c5a8c-69c9-48f3-99b0-46ebe858643f,45abeadc-731d-4445-8079-9fe1fb2ad085
image_50d30a87-67ce-4eab-a3b5-c3b7db3aaebb,45abeadc-731d-4445-8079-9fe1fb2ad085
image_bdd7481f-b49b-4847-9799-1db990b76dd9,45abeadc-731d-4445-8079-9fe1fb2ad085
image_c459b1f0-390b-41d0-9380-2eddb2f82f7b,45abeadc-731d-4445-8079-9fe1fb2ad085
image_dbf41369-46b8-4b48-a253-67537f5245f5,45abeadc-731d-4445-8079-9fe1fb2ad085
image_bdfc4e2d-ee5c-413d-8d86-5b5a2ebc6e28,45abeadc-731d-4445-8079-9fe1fb2ad085
image_7a1ac372-9cc4-4ca6-8939-69a9ac7ae028,45abeadc-731d-4445-8079-9fe1fb2ad085
image_6528fd34-2d9d-4d58-af5c-04877db1599b,45abeadc-731d-4445-8079-9fe1fb2ad085
image_dafafac8-d3dd-468b-93f1-34837d13ee88,45abeadc-731d-4445-8079-9fe1fb2ad085
image_45ddded1-efeb-4d11-b948-bcfa46cb5c06,45abeadc-731d-4445-8079-9fe1fb2ad085
image_998bdc6a-6655-4d36-af11-215bbf54b4db,45abeadc-731d-4445-8079-9fe1fb2ad085
image_3348ffed-1ddb-4e90-95fa-af2a140f3c6a,45abeadc-731d-4445-8079-9fe1fb2ad085
image_4d6cd9b6-2505-4a4d-b8f9-b00f8033eb8a,45abeadc-731d-4445-8079-9fe1fb2ad085
image_de1a05d2-7a5f-4d01-9fe2-a302d41f09ee,45abeadc-731d-4445-8079-9fe1fb2ad085
image_d7841986-8a59-4a70-b476-ea8e1001a581,45abeadc-731d-4445-8079-9fe1fb2ad085
image_9447bae7-66fe-400c-8e90-8b8f0e30f3e3,45abeadc-731d-4445-8079-9fe1fb2ad085
image_33b63cf8-ef7d-4357-8c58-9375415fe27d,45abeadc-731d-4445-8079-9fe1fb2ad085
image_c07290d8-a82e-40ed-a2f7-9ffbf8791100,45abeadc-731d-4445-8079-9fe1fb2ad085
image_8e7f37f4-5717-47a2-b050-ef7879880fd5,45abeadc-731d-4445-8079-9fe1fb2ad085
image_1f1217b7-cf4d-42aa-92c8-ace42ffc1d8f,45abeadc-731d-4445-8079-9fe1fb2ad085
image_1640ad29-e2cb-43cc-8cd6-c1ef2ffaadd7,45abeadc-731d-4445-8079-9fe1fb2ad085
image_f633bdc2-745a-46bd-975c-b7ba563dd26d,45abeadc-731d-4445-8079-9fe1fb2ad085
image_209dc64d-d1c7-4649-b8a2-9e09654022d8,45abeadc-731d-4445-8079-9fe1fb2ad085
image_87cb0fcb-1530-47ca-87f2-4d64573dec80,45abeadc-731d-4445-8079-9fe1fb2ad085
image_3868adcc-7460-461d-abad-f5da0f8903ab,45abeadc-731d-4445-8079-9fe1fb2ad085
image_690535a6-6625-4d05-8732-d7a59e9f91ea,45abeadc-731d-4445-8079-9fe1fb2ad085
image_b6fa4933-572b-42ee-b76d-0e7c45337c73,45abeadc-731d-4445-8079-9fe1fb2ad085
image_f418bc6c-0b8e-4d6a-a00e-3b74b562e2d1,45abeadc-731d-4445-8079-9fe1fb2ad085
image_6f8b7649-0964-490f-ac94-d4297bda9156,ea72c74f-ff22-4201-a1e9-b8c6548d4e3d
image_b14ddd01-88cc-4275-8c14-cad2d604d52e,ea72c74f-ff22-4201-a1e9-b8c6548d4e3d
image_d9ece6b1-a9e4-4e57-891c-66400c95a31f,ea72c74f-ff22-4201-a1e9-b8c6548d4e3d
image_82d92d53-0a39-4d5d-9bac-ee9658d04d15,ea72c74f-ff22-4201-a1e9-b8c6548d4e3d
image_c809222e-ef7a-4501-a968-30e808837b9e,ea72c74f-ff22-4201-a1e9-b8c6548d4e3d
image_d764dd29-fbc9-40ac-8164-15e68330b981,ea72c74f-ff22-4201-a1e9-b8c6548d4e3d
image_930275a5-b0f3-4a17-9b7a-e08b155cb664,ea72c74f-ff22-4201-a1e9-b8c6548d4e3d
image_b090ecb5-f02c-4fe8-960c-6164c2414b12,ea72c74f-ff22-4201-a1e9-b8c6548d4e3d
image_44122af3-7aa9-4ecc-adf8-052754c9bad7,ea72c74f-ff22-4201-a1e9-b8c6548d4e3d
image_35c804f5-b733-473c-b892-cbcaa3756329,ea72c74f-ff22-4201-a1e9-b8c6548d4e3d
image_e43ed570-1af7-456d-845a-ff1bca289952,ea72c74f-ff22-4201-a1e9-b8c6548d4e3d
image_89bb0355-5a00-4e20-815b-454855f9b8cc,ea72c74f-ff22-4201-a1e9-b8c6548d4e3d
image_6aa925c4-7877-4e71-822b-d0a8da1ba1e6,ea72c74f-ff22-4201-a1e9-b8c6548d4e3d
image_131f5288-54d7-4e60-837c-f6a3d3ff02c0,ea72c74f-ff22-4201-a1e9-b8c6548d4e3d
image_a4c9b59d-c382-40e0-9042-3406cfb5253f,ea72c74f-ff22-4201-a1e9-b8c6548d4e3d
image_d3494c50-c34a-4c55-8031-e07ece336b8e,ea72c74f-ff22-4201-a1e9-b8c6548d4e3d
image_0b0dc7b2-65bf-4f21-a358-b5867f92581c,ea72c74f-ff22-4201-a1e9-b8c6548d4e3d
image_90e03429-3f43-40a9-bc6e-39c6e6eaf754,ea72c74f-ff22-4201-a1e9-b8c6548d4e3d
image_a0a65a78-c8e2-4bfe-9eb3-9c2c164f2526,ea72c74f-ff22-4201-a1e9-b8c6548d4e3d
image_9c1a5f4a-8c21-48bb-b3b9-7a27284969db,ea72c74f-ff22-4201-a1e9-b8c6548d4e3d
image_a33837bf-46c3-415b-9982-50f838f2a0dd,52107a58-3658-4648-9351-fcbe466e33e2
image_a4c90844-bf4e-4bb4-8c60-a3b560a45800,52107a58-3658-4648-9351-fcbe466e33e2
image_b8d6c1ec-b1ea-4a12-915a-59c8fb448c6c,52107a58-3658-4648-9351-fcbe466e33e2
image_9c4b83d9-711a-43eb-9f40-f894cf470fe1,52107a58-3658-4648-9351-fcbe466e33e2
image_7e4de13b-c589-4b28-b2fb-389e9916ce86,52107a58-3658-4648-9351-fcbe466e33e2
image_72366a31-2632-4f2b-b059-b5e5f23358e7,52107a58-3658-4648-9351-fcbe466e33e2
image_a55b821f-da11-41bb-9088-d4474ddd8d4c,52107a58-3658-4648-9351-fcbe466e33e2
image_28290b2c-f57c-4d0a-bcd0-c3215c889079,52107a58-3658-4648-9351-fcbe466e33e2
image_53446511-3818-409a-8636-cf8fb16794a0,52107a58-3658-4648-9351-fcbe466e33e2
image_7d3e106e-c9e6-4422-868c-644b095ccff7,52107a58-3658-4648-9351-fcbe466e33e2
image_b1e03fbb-3b83-40d4-bc5b-5d3f796da851,7363b68a-e0a7-4e5a-8bc1-32ff82525c59
image_f69cf443-6d8c-4e3b-a58a-f51bbdf84685,7363b68a-e0a7-4e5a-8bc1-32ff82525c59
image_235078cc-1b44-4da3-b260-3faccb37c2ca,7363b68a-e0a7-4e5a-8bc1-32ff82525c59
image_8b8ba813-1ad5-4944-8c0a-96c82f6fb36f,7363b68a-e0a7-4e5a-8bc1-32ff82525c59
image_b5e07538-091b-4c16-a553-d9e50ab0e1eb,7363b68a-e0a7-4e5a-8bc1-32ff82525c59
image_f38e18d4-7f59-4ad4-befe-2e10d5467f25,7363b68a-e0a7-4e5a-8bc1-32ff82525c59
image_67aecf0d-3558-4482-86fb-c9fd72ef4e31,7363b68a-e0a7-4e5a-8bc1-32ff82525c59
image_fc05b93d-f9bd-4e8a-86f4-948a47909a08,7363b68a-e0a7-4e5a-8bc1-32ff82525c59
image_46ee4572-7020-463e-bbe0-86163f387114,7363b68a-e0a7-4e5a-8bc1-32ff82525c59
image_2840949c-5db5-4975-8df5-6b71aa626562,7363b68a-e0a7-4e5a-8bc1-32ff82525c59
image_e68deaed-a64e-4999-87a3-9aa0edf5970d,79204343-27df-401d-bfbd-80366e848fd5
image_c5efbcb3-34f5-4a59-bc15-034e01b05475,79204343-27df-401d-bfbd-80366e848fd5
image_07eee194-85c7-4586-96be-7b42ff6f1132,79204343-27df-401d-bfbd-80366e848fd5
image_479a93c4-bc70-4e91-9ab5-b058df232ed0,79204343-27df-401d-bfbd-80366e848fd5
image_6d65f3e4-4770-407b-b2bf-878983bf9872,79204343-27df-401d-bfbd-80366e848fd5
image_5ba57018-fd06-4319-bc80-ba6efa076c7c,79204343-27df-401d-bfbd-80366e848fd5
image_c39a0749-b8db-4853-81c4-32b9a99868ca,79204343-27df-401d-bfbd-80366e848fd5
image_d2ed4389-14e6-45d7-b67d-b52d3cffd0fb,79204343-27df-401d-bfbd-80366e848fd5
image_51549c25-e565-4ece-a26e-12442ccc3fcb,79204343-27df-401d-bfbd-80366e848fd5
image_b78bb29f-fbf3-49b0-911b-ca4e5a95d801,79204343-27df-401d-bfbd-80366e848fd5
image_d6785b65-24fa-4663-8539-e5fb261d069d,79204343-27df-401d-bfbd-80366e848fd5
image_2b860458-742b-4fca-937c-2a27742dccb0,79204343-27df-401d-bfbd-80366e848fd5
image_d45648b9-76d1-4500-898c-dd3c3f31a0b8,79204343-27df-401d-bfbd-80366e848fd5
image_eecd8ce1-2b13-49b7-bcec-c0056848aa62,79204343-27df-401d-bfbd-80366e848fd5
image_48d26ebc-ba6e-4245-8f52-c2cc1d64ef1f,79204343-27df-401d-bfbd-80366e848fd5
image_4afd0344-3cec-4942-987b-96b69da75e6b,79204343-27df-401d-bfbd-80366e848fd5
image_916964ac-6389-4d06-8853-2eac6c36d8e7,79204343-27df-401d-bfbd-80366e848fd5
image_3e8e355a-6253-4a5f-a950-2f934821b7f7,79204343-27df-401d-bfbd-80366e848fd5
image_b7792672-6a31-484a-a97b-e19e34657021,79204343-27df-401d-bfbd-80366e848fd5
image_1683dd3b-7791-493a-84c6-1bb50541fd97,79204343-27df-401d-bfbd-80366e848fd5
image_e6c63f88-a31f-4f06-9410-3213baed08ab,79204343-27df-401d-bfbd-80366e848fd5
image_91a1ba54-5e19-4f18-88f8-8dd0dd3ef836,79204343-27df-401d-bfbd-80366e848fd5
image_233a2f40-b0c5-4b93-90e4-e254d2e148f5,79204343-27df-401d-bfbd-80366e848fd5
image_5e01e638-d36f-4ca2-957d-7bbdc76dcc89,79204343-27df-401d-bfbd-80366e848fd5
image_dadf1718-90bd-438e-8649-3663f226072f,79204343-27df-401d-bfbd-80366e848fd5
image_643d63a4-dd46-4b9d-b3de-665fe2a46754,79204343-27df-401d-bfbd-80366e848fd5
image_19744c44-03ea-438f-9dc7-927e6e494ee1,79204343-27df-401d-bfbd-80366e848fd5
image_edc345bc-b58a-4c0d-8659-89132449cc3c,79204343-27df-401d-bfbd-80366e848fd5
image_b6e435f8-b22b-4916-8275-5fbff2d84a76,79204343-27df-401d-bfbd-80366e848fd5
image_54c5d869-8492-4b16-a72e-45196284559c,79204343-27df-401d-bfbd-80366e848fd5
image_9997f96e-a9b7-429b-95c6-87711dc07533,14059fd2-f631-4e84-9308-c469fc42a549
image_e4765ced-1696-4983-be45-c06123a59af5,14059fd2-f631-4e84-9308-c469fc42a549
image_e0d3e72e-4e44-4125-9e85-2432b62d8dec,14059fd2-f631-4e84-9308-c469fc42a549
image_6bd083fd-e012-40c6-94a0-38eb2b73e248,14059fd2-f631-4e84-9308-c469fc42a549
image_f1b07d90-510c-47f8-a14e-df56f659fc10,14059fd2-f631-4e84-9308-c469fc42a549
image_32da352b-3366-4611-9f71-d52187185ecb,14059fd2-f631-4e84-9308-c469fc42a549
image_b0bb7a64-38c6-4c39-84aa-52e3a5397eb9,14059fd2-f631-4e84-9308-c469fc42a549
image_ad2d234c-950f-4aba-b4dc-aab9af5583db,14059fd2-f631-4e84-9308-c469fc42a549
image_5ceaf351-e5be-4d7e-91ab-435e501d1a8b,14059fd2-f631-4e84-9308-c469fc42a549
image_1fb9601b-c185-4908-b3f4-a678669c6ee2,14059fd2-f631-4e84-9308-c469fc42a549
image_e8b62b7e-969c-4d44-9a95-1a453cdd0ed6,780c49bd-4839-4979-8fa9-b394d57efb69
image_eb0f5a36-7755-42f5-a2dd-329cae99957c,780c49bd-4839-4979-8fa9-b394d57efb69
image_51372859-13ba-4f14-b167-5ea24877c2c3,780c49bd-4839-4979-8fa9-b394d57efb69
image_fb4f22df-e625-4d36-88ca-cb25d726a0e0,780c49bd-4839-4979-8fa9-b394d57efb69
image_4c2e721f-6bdd-4f57-bcc1-681e03dee579,780c49bd-4839-4979-8fa9-b394d57efb69
image_4f95d6c1-4d39-420e-a787-dd567b75c577,780c49bd-4839-4979-8fa9-b394d57efb69
image_9719433c-9176-44c5-9e3e-77cbed3ff57c,780c49bd-4839-4979-8fa9-b394d57efb69
image_87d9bbb7-4006-447b-aee1-37674e1a4ab1,780c49bd-4839-4979-8fa9-b394d57efb69
image_d82e840f-9d5a-4b86-808d-422e798c207f,780c49bd-4839-4979-8fa9-b394d57efb69
image_37bdf4b3-17c3-4549-9d04-35c6a342ab10,780c49bd-4839-4979-8fa9-b394d57efb69
image_075f9dfd-7ab1-4cac-9462-63c48595afdf,99880973-72c5-4fa8-8fd3-8c28861d2266
image_f99b3751-63c8-4fc1-8e5e-9a2c1704880d,99880973-72c5-4fa8-8fd3-8c28861d2266
image_70ec9558-e17c-48dd-ba97-4bf0779a8108,99880973-72c5-4fa8-8fd3-8c28861d2266
image_534a79c0-35c2-40d9-98f5-87ef67a8f823,99880973-72c5-4fa8-8fd3-8c28861d2266
image_c66bcfd1-25ca-46c2-a7b7-dd66c31d6c56,99880973-72c5-4fa8-8fd3-8c28861d2266
image_11e92a6f-c26d-4f50-bb62-e5f0e0785a90,99880973-72c5-4fa8-8fd3-8c28861d2266
image_15b7b50e-e7e6-4e56-af3e-2afff65d352a,99880973-72c5-4fa8-8fd3-8c28861d2266
image_9a886c5b-5c80-4c4a-ad84-2cdbc3c0c71b,99880973-72c5-4fa8-8fd3-8c28861d2266
image_a98fde19-43eb-4349-8275-beae57428b65,99880973-72c5-4fa8-8fd3-8c28861d2266
image_6b57b8cd-b2f6-465e-99ab-384c05408093,99880973-72c5-4fa8-8fd3-8c28861d2266
image_8a4d03dc-2c39-4c00-813c-2e76c664361f,99880973-72c5-4fa8-8fd3-8c28861d2266
image_34990f84-f64b-4fff-8ab3-9ddd8f22c5b8,99880973-72c5-4fa8-8fd3-8c28861d2266
image_43ea44b9-8910-4937-b19e-1d4f7ae0cf80,99880973-72c5-4fa8-8fd3-8c28861d2266
image_1fbee815-5586-49bc-be80-c596ba011a1d,99880973-72c5-4fa8-8fd3-8c28861d2266
image_7d74d79e-c88b-4e85-b01b-81e54b634cb0,99880973-72c5-4fa8-8fd3-8c28861d2266
image_0e1ed4d3-7ba3-4f57-846e-209a20296e85,99880973-72c5-4fa8-8fd3-8c28861d2266
image_0db99294-4fe0-4f90-9762-bc1433a1e11a,99880973-72c5-4fa8-8fd3-8c28861d2266
image_5bbb3e87-955e-477b-af78-db8f3133e5a8,99880973-72c5-4fa8-8fd3-8c28861d2266
image_ac3ddaa2-1968-4adb-a504-c3775db6400d,99880973-72c5-4fa8-8fd3-8c28861d2266
image_252ea114-9b7f-43c2-a696-a205ba51b470,99880973-72c5-4fa8-8fd3-8c28861d2266
image_4b2cfdb9-c5c3-498a-bfe8-23c572d795b5,99880973-72c5-4fa8-8fd3-8c28861d2266
image_c75ddadd-d6a1-4bc3-b437-6d011d77ac8d,99880973-72c5-4fa8-8fd3-8c28861d2266
image_a1f271bd-3ac0-4dbc-b758-0539aa2a6b3e,99880973-72c5-4fa8-8fd3-8c28861d2266
image_25774944-4bef-4a8c-89b0-19555231efd1,99880973-72c5-4fa8-8fd3-8c28861d2266
image_0fe8ec39-b4e0-4713-9ef7-807b577ae3bd,99880973-72c5-4fa8-8fd3-8c28861d2266
image_609b0bf3-2f23-41ff-852f-0e993198daa0,99880973-72c5-4fa8-8fd3-8c28861d2266
image_0236e776-4dd1-4a7a-ab42-64fa40a48623,99880973-72c5-4fa8-8fd3-8c28861d2266
image_bdcee6e1-ecde-42ac-9a2b-0a404869b7b1,99880973-72c5-4fa8-8fd3-8c28861d2266
image_8840c07b-69ae-4b8a-8496-c1034052fa7e,99880973-72c5-4fa8-8fd3-8c28861d2266
image_96c9b892-a5f4-42fc-8e27-d50b1de2cdf3,99880973-72c5-4fa8-8fd3-8c28861d2266
image_9e6ce0db-91b7-42bd-975c-db9ef48c6b3b,99880973-72c5-4fa8-8fd3-8c28861d2266
image_38f0300d-3bd8-45c7-94e1-0fea018adae4,99880973-72c5-4fa8-8fd3-8c28861d2266
image_4b7e8e13-b52b-4a07-baf5-19a0a23f21ef,99880973-72c5-4fa8-8fd3-8c28861d2266
image_aa5556db-3ae3-478c-b36d-5b9c636de8f9,99880973-72c5-4fa8-8fd3-8c28861d2266
image_d7996476-05ba-456d-92a1-710aec904431,99880973-72c5-4fa8-8fd3-8c28861d2266
image_ca4f21df-d73a-45d3-bf37-5dc806a4f85b,99880973-72c5-4fa8-8fd3-8c28861d2266
image_7f7bafdb-03b3-4d3d-a5b1-ffce2e87ea0c,99880973-72c5-4fa8-8fd3-8c28861d2266
image_d99eb0b6-d1da-435f-9814-95cb478d11df,99880973-72c5-4fa8-8fd3-8c28861d2266
image_c27dc6e2-0668-4af9-880b-31935876f4d9,99880973-72c5-4fa8-8fd3-8c28861d2266
image_ec39bbdf-493d-47a8-abc0-bf02f408f293,99880973-72c5-4fa8-8fd3-8c28861d2266
image_3e65dfaa-b239-4834-b809-2bc1b06e26cc,8f5ffbf2-52c4-4dd2-b502-d93a8aa64640
image_dbfba6c1-ec77-4048-9b3b-aac3ace43c24,8f5ffbf2-52c4-4dd2-b502-d93a8aa64640
image_006d72c5-dcbc-4e7f-ac29-e6ca1644693f,8f5ffbf2-52c4-4dd2-b502-d93a8aa64640
image_d7fde0a6-8b6f-41a5-be4a-ef3950aef757,8f5ffbf2-52c4-4dd2-b502-d93a8aa64640
image_0b2b5fb0-6220-4679-9b10-2b98d4ab866e,8f5ffbf2-52c4-4dd2-b502-d93a8aa64640
image_402bd5dd-da18-4403-a729-010197ed1214,8f5ffbf2-52c4-4dd2-b502-d93a8aa64640
image_6f506725-fa9b-4cbf-9c81-d9aa77d7c592,8f5ffbf2-52c4-4dd2-b502-d93a8aa64640
image_1f76ae45-2422-4fae-a479-a2f1163d5230,8f5ffbf2-52c4-4dd2-b502-d93a8aa64640
image_6fb5e4ca-ccb1-4358-8e24-7135a9aa2417,8f5ffbf2-52c4-4dd2-b502-d93a8aa64640
image_2fd956b5-f215-49a7-ae79-eb902216c044,8f5ffbf2-52c4-4dd2-b502-d93a8aa64640
image_0ca1bfc7-f5f4-4bd4-91b6-6e0b02399cbf,1d98da96-c3ce-4479-9b97-8883cd33724f
image_fa6d8b73-c37a-42e9-8346-c0e26e1a5195,1d98da96-c3ce-4479-9b97-8883cd33724f
image_3798e2c5-9191-4980-97e0-dea9e271e97f,1d98da96-c3ce-4479-9b97-8883cd33724f
image_be890542-6845-4c24-aefb-d29ac08e1ebb,1d98da96-c3ce-4479-9b97-8883cd33724f
image_57214693-88a3-4449-b4e9-913656b74ea7,1d98da96-c3ce-4479-9b97-8883cd33724f
image_d32e790c-a3c8-444a-b733-94505e3150ee,1d98da96-c3ce-4479-9b97-8883cd33724f
image_1df7ff8a-bde1-4c9a-884e-687b347132c3,1d98da96-c3ce-4479-9b97-8883cd33724f
image_ccab7c7d-fbd6-451d-ae07-9ad0f46cc26b,1d98da96-c3ce-4479-9b97-8883cd33724f
image_fb19a8b7-1c7a-43dc-9173-1c1481bc7903,1d98da96-c3ce-4479-9b97-8883cd33724f
image_3b11a509-ca8e-4b93-b295-85a52daddf74,1d98da96-c3ce-4479-9b97-8883cd33724f
image_8263e85b-786a-4f62-9817-d54fb1dafb5d,89b807ca-697f-4452-8349-b235622c94fa
image_cf97e186-9679-4cd9-95fa-dfa50d8003cc,89b807ca-697f-4452-8349-b235622c94fa
image_969ee7eb-6bd1-41b5-ac69-cd957e819f75,89b807ca-697f-4452-8349-b235622c94fa
image_2f80c542-7c7c-490f-a34b-297029f52a9b,89b807ca-697f-4452-8349-b235622c94fa
image_a67541cf-0769-44ca-9af1-853298cc7580,89b807ca-697f-4452-8349-b235622c94fa
image_00c300dc-68dc-4ad6-ac48-57a765794cc6,89b807ca-697f-4452-8349-b235622c94fa
image_e5a7fafa-ce79-4a57-82f3-2f9e4e35f1a9,89b807ca-697f-4452-8349-b235622c94fa
image_465e0790-4e14-4169-ab82-3da2cd59ff9f,89b807ca-697f-4452-8349-b235622c94fa
image_a3d8e093-2471-4a5c-bc77-20618e641dd3,89b807ca-697f-4452-8349-b235622c94fa
image_9aa6b614-d598-44f1-b953-559bc00d1d84,89b807ca-697f-4452-8349-b235622c94fa
image_6ef7e463-b487-4882-a705-2f0634949531,710eac2a-e261-478d-84e8-de99f418138c
image_9daa27f6-c369-48a5-8ee4-42009111a96f,710eac2a-e261-478d-84e8-de99f418138c
image_d6de3d71-2c18-457f-9ef9-40c9118c52d7,710eac2a-e261-478d-84e8-de99f418138c
image_1e381a4f-25bd-46b6-ac26-5b8616f361bf,710eac2a-e261-478d-84e8-de99f418138c
image_d1d5db8f-3a59-42b7-9ee3-d06ca489ba1c,710eac2a-e261-478d-84e8-de99f418138c
image_7206f7aa-89d1-477d-b528-9dc53c01af0d,710eac2a-e261-478d-84e8-de99f418138c
image_4c6b5b3b-2b95-4480-954f-21f2b10c6206,710eac2a-e261-478d-84e8-de99f418138c
image_c953bbdb-2c13-4d3a-ad6c-c320ff3f61bb,710eac2a-e261-478d-84e8-de99f418138c
image_9fb67f43-2a62-4259-8623-a6e22394b157,710eac2a-e261-478d-84e8-de99f418138c
image_d432ab6f-38a6-4336-9358-8bc630139f92,710eac2a-e261-478d-84e8-de99f418138c
image_58a41680-8f1f-4751-bda6-a6fa86d9ed7c,149f42ec-37bb-499b-9dac-24a90979e92c
image_b84bcd80-5d00-46b9-b3c3-f1e6282d2e53,149f42ec-37bb-499b-9dac-24a90979e92c
image_81d1219e-3cdf-46cf-99d9-ffc3f4214c2d,149f42ec-37bb-499b-9dac-24a90979e92c
image_85e5cd57-989e-4a7c-882b-3185f0017280,149f42ec-37bb-499b-9dac-24a90979e92c
image_020dbfe0-148b-443c-8a4b-7919e3323fa3,149f42ec-37bb-499b-9dac-24a90979e92c
image_fb144e45-cdeb-4e67-88af-f2956d87d930,149f42ec-37bb-499b-9dac-24a90979e92c
image_fb6eb723-869f-47eb-9ddd-8cca98228bbf,149f42ec-37bb-499b-9dac-24a90979e92c
image_7aaee7d3-d946-465f-99b0-7b4cdf19aff1,149f42ec-37bb-499b-9dac-24a90979e92c
image_987e1ab4-5e2a-4d2f-86a8-6615f0346079,149f42ec-37bb-499b-9dac-24a90979e92c
image_778315fe-c62d-4a7f-96fc-5eea5d4377ac,149f42ec-37bb-499b-9dac-24a90979e92c
image_b9da91c2-3dbc-42b8-a495-06b234f60670,45ee3031-93c2-4684-a917-d33d5274780f
image_1b2d3e73-b95e-4217-90a1-4c45a75b00fe,45ee3031-93c2-4684-a917-d33d5274780f
image_da6db024-ce23-4438-9470-f7417cb9da76,45ee3031-93c2-4684-a917-d33d5274780f
image_4a4c3a2e-39fc-4cb0-a650-810e5c904475,45ee3031-93c2-4684-a917-d33d5274780f
image_59b38bc6-c0c9-4917-b924-c135d1cd4fe1,45ee3031-93c2-4684-a917-d33d5274780f
image_108f94c9-dbe6-49a5-a2f8-e76934ab0d8f,45ee3031-93c2-4684-a917-d33d5274780f
image_cc50edaa-ec7d-4c1e-900c-8885e279f9dd,45ee3031-93c2-4684-a917-d33d5274780f
image_cb2cf96f-7ed0-42da-9ded-5fd99ef85cc1,45ee3031-93c2-4684-a917-d33d5274780f
image_0966e552-2b23-4a2a-a21f-8602bdfbf766,45ee3031-93c2-4684-a917-d33d5274780f
image_b6ff482b-32a5-43f0-aa03-84dfed50a290,45ee3031-93c2-4684-a917-d33d5274780f
image_89e33664-eb70-412f-97a4-8d830b820f46,45ee3031-93c2-4684-a917-d33d5274780f
image_bba70d2c-6c19-4be9-91ec-25399d243d51,45ee3031-93c2-4684-a917-d33d5274780f
image_3cd5626b-3b13-4fa1-a1f9-762d6a838b16,45ee3031-93c2-4684-a917-d33d5274780f
image_b3c59481-3869-4e91-a593-b2bbe8b8770c,45ee3031-93c2-4684-a917-d33d5274780f
image_f47cdfd8-3bae-4c17-8b1e-9b56a7e55e00,45ee3031-93c2-4684-a917-d33d5274780f
image_559ec9a8-b481-481e-98bc-2f97f6e5a1b5,45ee3031-93c2-4684-a917-d33d5274780f
image_48a94186-d7db-427b-b6af-6b18eba825e9,45ee3031-93c2-4684-a917-d33d5274780f
image_47e7bc9f-2d50-4b7c-b586-d6e314956a58,45ee3031-93c2-4684-a917-d33d5274780f
image_2adb0dde-61ed-4994-b7ad-1f29dbf8ed4b,45ee3031-93c2-4684-a917-d33d5274780f
image_80ba0e0b-bbf5-46e4-bdf6-78b90fa876ad,45ee3031-93c2-4684-a917-d33d5274780f
image_27c6cb3d-2c61-469d-8940-16d50ab272c2,45ee3031-93c2-4684-a917-d33d5274780f
image_d32c67ed-09df-46c0-83e0-9aaa75303b6d,45ee3031-93c2-4684-a917-d33d5274780f
image_be5d44fd-6d1b-454d-a0e9-7d07262f8372,45ee3031-93c2-4684-a917-d33d5274780f
image_08b56231-4131-4dab-9894-55ae4ea46fc7,45ee3031-93c2-4684-a917-d33d5274780f
image_ccb03b7e-d741-4d69-b5a4-36a1998c4372,45ee3031-93c2-4684-a917-d33d5274780f
image_fbf8292b-3e46-4d09-a70f-65499ca75496,45ee3031-93c2-4684-a917-d33d5274780f
image_5b71377d-abed-4d1e-ac25-9870a23b3e3d,45ee3031-93c2-4684-a917-d33d5274780f
image_6c4db631-63db-4eca-8ca1-152a7f2bcc16,45ee3031-93c2-4684-a917-d33d5274780f
image_a6a07d02-7817-4e7a-af80-4a1b9832a291,45ee3031-93c2-4684-a917-d33d5274780f
image_73efdfb6-0d6c-49e8-8c17-8672b0b6700f,45ee3031-93c2-4684-a917-d33d5274780f
image_dbe27f82-d136-4d4b-8d89-27145c0eef77,02ae9f43-ae3e-4cd5-8a41-66f0543defdf
image_9a14a118-92ad-4030-bc4b-cb78a16c2bdb,02ae9f43-ae3e-4cd5-8a41-66f0543defdf
image_4b414100-5b0f-46d8-b9be-823efff0c210,02ae9f43-ae3e-4cd5-8a41-66f0543defdf
image_fa90a9a6-cba5-4b1b-b467-9cc5a763548e,02ae9f43-ae3e-4cd5-8a41-66f0543defdf
image_1564e7e4-f828-4e2d-9b82-959378c6f2c9,02ae9f43-ae3e-4cd5-8a41-66f0543defdf
image_6578077a-1be5-4725-8c42-f84abe27b4cc,02ae9f43-ae3e-4cd5-8a41-66f0543defdf
image_eb0801ce-b313-43d5-811c-c094d661479f,02ae9f43-ae3e-4cd5-8a41-66f0543defdf
image_ef8b850b-32ca-47a6-a513-3b41909eae43,02ae9f43-ae3e-4cd5-8a41-66f0543defdf
image_da457b46-0d02-4713-afe8-657c1e9dbcbd,02ae9f43-ae3e-4cd5-8a41-66f0543defdf
image_5eaf82c8-f417-4f39-b862-0a785f69485a,02ae9f43-ae3e-4cd5-8a41-66f0543defdf
image_a961b9e3-b4b0-4775-8de7-f43f36a2e792,8865647b-f927-4d1f-9bc2-25ad849df5f8
image_1175ff4d-d6f6-4e16-bfc6-6793339d0635,8865647b-f927-4d1f-9bc2-25ad849df5f8
image_87867967-9555-4d50-8aa8-5d70b40c1494,8865647b-f927-4d1f-9bc2-25ad849df5f8
image_a413d1d3-3a27-494a-b19c-661be314c60a,8865647b-f927-4d1f-9bc2-25ad849df5f8
image_ed688d21-8d1c-47fa-9caf-862506d4e8d9,8865647b-f927-4d1f-9bc2-25ad849df5f8
image_cc337594-31b5-4c06-a28f-399d46df0740,8865647b-f927-4d1f-9bc2-25ad849df5f8
image_3bf07ad2-8f06-4d6b-b610-a7569024426e,8865647b-f927-4d1f-9bc2-25ad849df5f8
image_bdf0a9e8-e5e6-4487-b4bb-64c8de88070f,8865647b-f927-4d1f-9bc2-25ad849df5f8
image_7c5e4e07-bd98-4426-985e-e30d03e40acf,8865647b-f927-4d1f-9bc2-25ad849df5f8
image_745a7960-d94f-488e-a48b-a4d1dc4557fb,8865647b-f927-4d1f-9bc2-25ad849df5f8
image_d6c62df3-5c9f-4dc8-b6ac-db3d7a4eba9c,4c03e12a-fc1d-495c-a50d-3eaf5916754d
image_64e03524-684b-460f-8e73-04ba098b26e4,4c03e12a-fc1d-495c-a50d-3eaf5916754d
image_b6de2aaf-b091-4710-9035-b87ee29aa9ac,4c03e12a-fc1d-495c-a50d-3eaf5916754d
image_6180f232-d684-4570-8661-9490a5f0e35b,4c03e12a-fc1d-495c-a50d-3eaf5916754d
image_6dc44acb-9909-4603-9021-1d79a7d9e0d5,4c03e12a-fc1d-495c-a50d-3eaf5916754d
image_e87af601-3d5f-45a4-aa86-c2183c08978c,4c03e12a-fc1d-495c-a50d-3eaf5916754d
image_4776e031-412a-4099-a5e1-163dec5f4fe7,4c03e12a-fc1d-495c-a50d-3eaf5916754d
image_b140bd0c-3689-417b-bd82-6ee791acc13b,4c03e12a-fc1d-495c-a50d-3eaf5916754d
image_9d0e655e-0b3a-4884-8078-79c997ca0cd2,4c03e12a-fc1d-495c-a50d-3eaf5916754d
image_7c304fdb-3b40-41d5-9bc1-a9fafb24071f,4c03e12a-fc1d-495c-a50d-3eaf5916754d
image_e9ccfa09-2419-408f-bdbb-def4f90c4c21,38c4c1c6-1810-4347-a1d6-339709563ffd
image_b5781dba-e9ba-42b5-805e-625faefda565,38c4c1c6-1810-4347-a1d6-339709563ffd
image_459dddf7-0b00-45d7-8020-15d7bbc7f667,38c4c1c6-1810-4347-a1d6-339709563ffd
image_ecf09d2b-0e41-47db-983d-f8eb8be55a34,38c4c1c6-1810-4347-a1d6-339709563ffd
image_36c14ad3-6db5-41e2-921b-adbfdf0e784b,38c4c1c6-1810-4347-a1d6-339709563ffd
image_e61ffa75-87bc-4fe1-b74a-2505e86bbe8f,38c4c1c6-1810-4347-a1d6-339709563ffd
image_76490dff-ea98-4a31-9512-67c2700a1af4,38c4c1c6-1810-4347-a1d6-339709563ffd
image_f28ece39-6196-4854-8720-77961f009cb1,38c4c1c6-1810-4347-a1d6-339709563ffd
image_832a486a-2ef3-4ed1-9e53-d95aba3a2a6b,38c4c1c6-1810-4347-a1d6-339709563ffd
image_aaf4fd97-a6c6-465c-80cd-f3b2e99840ea,38c4c1c6-1810-4347-a1d6-339709563ffd
image_b42ddc97-9c08-4518-b6ac-34b0e63a0e50,8f779513-7c73-487a-a7ee-e4741909a657
image_72a7147a-2742-4a2f-b33c-1344f16767d2,a80896b5-74f3-4f4c-a364-a4175e83aad0
image_44201e9e-7cfe-43d8-9c3e-551a0f40145d,5fbf69a4-dad8-46a5-89ac-527cfcee99de
image_4c8086c7-9b32-4ef1-b60f-8cb2d231f79f,5fbf69a4-dad8-46a5-89ac-527cfcee99de
image_aea55534-89fd-4c55-ab8e-21e000f344cb,5fbf69a4-dad8-46a5-89ac-527cfcee99de
image_7329cccb-3f1c-458e-9e97-3c10dbfa6598,5fbf69a4-dad8-46a5-89ac-527cfcee99de
image_46fb91af-5825-4a72-ae1d-a152e00aef43,5fbf69a4-dad8-46a5-89ac-527cfcee99de
image_8608b7ef-00e2-4585-acdf-86665f885a57,5fbf69a4-dad8-46a5-89ac-527cfcee99de
image_6709f244-9c70-4a77-ab16-b4d607425b59,5fbf69a4-dad8-46a5-89ac-527cfcee99de
image_d1f2810a-8814-4b1a-91b7-9c43f1b61581,5fbf69a4-dad8-46a5-89ac-527cfcee99de
image_fe0b0683-3e3d-4af9-b15f-65634930d178,5fbf69a4-dad8-46a5-89ac-527cfcee99de
image_a4a2edd4-c034-42ee-910b-9344990be7f8,5fbf69a4-dad8-46a5-89ac-527cfcee99de
image_a8848796-07ce-40e5-95ec-c9436f7ed919,976129e2-e5bd-48db-aa00-1ce247767f17
image_e470918a-4d8e-4601-8e46-dbb90da0ce66,976129e2-e5bd-48db-aa00-1ce247767f17
image_5ff74dc7-ad0f-465f-8a24-7ab2e32e617d,976129e2-e5bd-48db-aa00-1ce247767f17
image_27e8fb0c-f3ce-4453-92b5-6f4a3b1bca4d,976129e2-e5bd-48db-aa00-1ce247767f17
image_9721100f-a512-4348-b050-5b4e8f568208,976129e2-e5bd-48db-aa00-1ce247767f17
image_356cae2f-2c95-416e-85ca-1d32e4670f6a,976129e2-e5bd-48db-aa00-1ce247767f17
image_0ec13e8a-1768-4d51-9be9-be810b0d9f82,976129e2-e5bd-48db-aa00-1ce247767f17
image_fde2387d-6ca9-475f-bdf9-f37b1599ef40,976129e2-e5bd-48db-aa00-1ce247767f17
image_e41c5c84-e8b3-4a7a-97ec-6bb9903e9286,976129e2-e5bd-48db-aa00-1ce247767f17
image_1d268bc4-c1e5-4593-8844-6270ee93d1c5,976129e2-e5bd-48db-aa00-1ce247767f17
image_91de8c9e-93a2-4828-afaf-e21370118402,b4b39b00-94d6-432d-b93e-9dc048f81dd7
image_7f0758ac-5f3c-4857-bfb7-9222c2414b34,b4b39b00-94d6-432d-b93e-9dc048f81dd7
image_7fc6cb24-9a1b-4cd2-a5a0-c89e6d67107f,b4b39b00-94d6-432d-b93e-9dc048f81dd7
image_a7471c68-30fb-4ca0-b21e-e83b54598298,b4b39b00-94d6-432d-b93e-9dc048f81dd7
image_bb7db1c9-b135-4e69-a4e0-e392f2d107eb,b4b39b00-94d6-432d-b93e-9dc048f81dd7
image_5b0ccf8a-4696-4814-8bb6-c96bb248bc3f,b4b39b00-94d6-432d-b93e-9dc048f81dd7
image_b2d9a8fd-26dd-4b8a-b1c2-72af24345678,b4b39b00-94d6-432d-b93e-9dc048f81dd7
image_85d6e8af-2a0f-4fdb-b97b-9748f4306bd2,b4b39b00-94d6-432d-b93e-9dc048f81dd7
image_44ea67af-a429-4b42-954e-8e4da73105ce,b4b39b00-94d6-432d-b93e-9dc048f81dd7
image_8e22f5a4-7655-45e4-ae15-a0ff93772ef5,b4b39b00-94d6-432d-b93e-9dc048f81dd7
image_f011d0e6-bb8b-4d90-a8de-ac5f4aa0646d,75948520-e93a-4405-ab97-2d924c10227b
image_b3374ef1-9b71-47a4-9c86-e56491b9d51e,75948520-e93a-4405-ab97-2d924c10227b
image_1c601054-f435-4f12-bc32-a0d120b33f63,75948520-e93a-4405-ab97-2d924c10227b
image_b43f1608-acb7-46f4-a601-706942323b13,75948520-e93a-4405-ab97-2d924c10227b
image_81523d1f-f89f-4383-a805-ac5e1fdcefc7,75948520-e93a-4405-ab97-2d924c10227b
image_f4a5ec0f-9376-49a3-b001-be4f4348b86d,75948520-e93a-4405-ab97-2d924c10227b
image_5e8f4538-8f52-4cd5-84d0-db7e5b5ea192,75948520-e93a-4405-ab97-2d924c10227b
image_ee7f52c4-d248-47bd-a2b0-2648f34c9b64,75948520-e93a-4405-ab97-2d924c10227b
image_825e9af1-c160-4a75-864a-6ff014e05c6b,75948520-e93a-4405-ab97-2d924c10227b
image_2e611f13-9519-4706-9843-49bbfec48c00,75948520-e93a-4405-ab97-2d924c10227b
image_e9c1a382-40f4-4f28-9bc0-ad5b48ca8ed3,5be4f4ed-4d2d-41e5-8e8a-a2826a49af4a
image_3e0b2565-5aea-4128-b990-a1c42249a45b,5be4f4ed-4d2d-41e5-8e8a-a2826a49af4a
image_58501b0d-0c6f-47e3-9e4a-ed39f41cc213,5be4f4ed-4d2d-41e5-8e8a-a2826a49af4a
image_9bbdcb82-0c79-4fb3-8132-c7b9f6120bd0,5be4f4ed-4d2d-41e5-8e8a-a2826a49af4a
image_9a4c6e25-327d-481e-9060-c08b3848ed72,5be4f4ed-4d2d-41e5-8e8a-a2826a49af4a
image_eb72150b-fa00-4987-b1d2-557f8d66e6fc,5be4f4ed-4d2d-41e5-8e8a-a2826a49af4a
image_9d18218f-b4d1-4eb8-b9d2-b4b5adc265bd,5be4f4ed-4d2d-41e5-8e8a-a2826a49af4a
image_22d2744a-f87b-4ee7-8037-9815f6a96c5e,5be4f4ed-4d2d-41e5-8e8a-a2826a49af4a
image_b1035c2c-7e19-4369-b4f1-11b5dc281269,5be4f4ed-4d2d-41e5-8e8a-a2826a49af4a
image_5549cb29-d0a8-43c8-9e8f-34041658c907,5be4f4ed-4d2d-41e5-8e8a-a2826a49af4a
image_b1d97da9-9008-4a5b-a6a8-55a3cdc52c89,fcc98f5f-3bae-47d2-a294-c781c3ca7509
image_66b353fe-41a1-45ed-9854-fb842a610a13,a60816f2-eead-4183-a16b-debbb2a540dd
image_70e796b3-2ab2-4e9d-8e52-65f1031deb0e,a60816f2-eead-4183-a16b-debbb2a540dd
image_920395a6-cfa6-4ec6-9eba-d0c3a0301b50,a60816f2-eead-4183-a16b-debbb2a540dd
image_00459931-4c83-42fb-b73c-ef37fc95835b,a60816f2-eead-4183-a16b-debbb2a540dd
image_19e4aad1-dc43-4c15-b708-8b64ea6c1ca3,a60816f2-eead-4183-a16b-debbb2a540dd
image_98e3c269-18b7-4cbe-98e5-aade1934fed9,a60816f2-eead-4183-a16b-debbb2a540dd
image_0369fc25-6f1a-4137-9ee2-d33abde96275,a60816f2-eead-4183-a16b-debbb2a540dd
image_887f68b4-4c47-4847-9547-a767e534c45e,a60816f2-eead-4183-a16b-debbb2a540dd
image_fd0b77ba-7695-4174-915d-0a7b7c217fe7,a60816f2-eead-4183-a16b-debbb2a540dd
image_5ca80c6b-6993-4974-8374-fd688d915e28,a60816f2-eead-4183-a16b-debbb2a540dd
image_fb58a2b9-dc35-4297-a194-a340b082c8e8,16537357-8942-4206-a74d-1ca4a324c044
image_0bb2566e-a1b8-48d8-9c5b-3dbec3a7f832,16537357-8942-4206-a74d-1ca4a324c044
image_a6a7a04c-9eb8-46dd-b1a2-fa3f1eb9def5,16537357-8942-4206-a74d-1ca4a324c044
image_f47b05e6-bbfb-4844-bd2d-004104cb7c08,16537357-8942-4206-a74d-1ca4a324c044
image_8c541e7b-c1ce-4fa7-b6e2-6167ee336471,16537357-8942-4206-a74d-1ca4a324c044
image_e6c2cb72-2b65-4384-a428-e066ab5b0520,16537357-8942-4206-a74d-1ca4a324c044
image_3945bb1f-5dd1-4df0-97a0-e7e1823a1531,16537357-8942-4206-a74d-1ca4a324c044
image_ad62d7b9-2c4e-4527-be9a-725ca5295bb2,16537357-8942-4206-a74d-1ca4a324c044
image_7b95c483-b427-4b32-96ab-eb478730e9b0,16537357-8942-4206-a74d-1ca4a324c044
image_f24826a2-dafa-408b-aa46-6629e847ff65,16537357-8942-4206-a74d-1ca4a324c044
image_6adcb0d3-daa3-4d24-8c1a-d870d1e8aed1,e5690234-0644-42cd-be96-dcc69939c68d
image_6cfb86c2-fd44-4477-a5dd-88ed796fc4bd,e5690234-0644-42cd-be96-dcc69939c68d
image_8bfed477-5656-499c-8ba2-7708d739df94,e5690234-0644-42cd-be96-dcc69939c68d
image_ea08135b-7367-486d-848d-2e827fb5040a,e5690234-0644-42cd-be96-dcc69939c68d
image_32e60a80-1ae5-4b23-99b3-053e562d8d1b,e5690234-0644-42cd-be96-dcc69939c68d
image_c06b89ab-58bd-4bba-9d71-760228ce49f3,e5690234-0644-42cd-be96-dcc69939c68d
image_dbcdbe76-0ec8-457a-8512-07cc1a6d0f79,e5690234-0644-42cd-be96-dcc69939c68d
image_4505f794-4d90-4abb-a741-455d49f27fe5,e5690234-0644-42cd-be96-dcc69939c68d
image_77168866-2a9a-457b-a983-34e8086015e9,e5690234-0644-42cd-be96-dcc69939c68d
image_8076df58-bec8-45e4-b4b5-8550ffc05aae,e5690234-0644-42cd-be96-dcc69939c68d
image_0e98b93e-6240-490e-b4db-31ea7b643953,4dcacd8f-a5f3-4acc-89f9-9aaf3d385ef8
image_be8fe0df-5551-44f3-b114-a8d8a5c3fc11,4dcacd8f-a5f3-4acc-89f9-9aaf3d385ef8
image_13b58ff5-7ed9-46d2-b3f8-e698600e931e,4dcacd8f-a5f3-4acc-89f9-9aaf3d385ef8
image_d8427514-a4cd-4787-8728-da4433ccc571,4dcacd8f-a5f3-4acc-89f9-9aaf3d385ef8
image_2e2ae3f0-9b98-4637-9e4d-bbdf8eee920c,4dcacd8f-a5f3-4acc-89f9-9aaf3d385ef8
image_a552145d-9949-4355-9523-02198a523437,4dcacd8f-a5f3-4acc-89f9-9aaf3d385ef8
image_1bd866b3-5c99-42c8-b4a0-75a547fd8760,4dcacd8f-a5f3-4acc-89f9-9aaf3d385ef8
image_bf610120-bc41-4c87-95ac-8c8849d203ce,4dcacd8f-a5f3-4acc-89f9-9aaf3d385ef8
image_abcc45d4-4314-449f-8dca-1732e134dfac,4dcacd8f-a5f3-4acc-89f9-9aaf3d385ef8
image_1065da4b-2f09-48e8-9819-48fa045014a7,4dcacd8f-a5f3-4acc-89f9-9aaf3d385ef8
image_7ab33b3a-158b-42c5-a7e8-444eb5760524,7245a2aa-e2cf-4bd0-9052-9c7b2ddd9aad
image_d9ef08ec-a823-4c65-8e01-47f681239d6e,7245a2aa-e2cf-4bd0-9052-9c7b2ddd9aad
image_aebe5b85-8210-4217-8b2b-eefcd74be761,7245a2aa-e2cf-4bd0-9052-9c7b2ddd9aad
image_e638613e-7970-4c5c-ba10-cd5cf8becd76,7245a2aa-e2cf-4bd0-9052-9c7b2ddd9aad
image_c40a4854-da90-43ab-82b5-3a3b1ac59c90,7245a2aa-e2cf-4bd0-9052-9c7b2ddd9aad
image_fd2f32cc-1c0e-4d0a-9481-327f1cdf11fa,7245a2aa-e2cf-4bd0-9052-9c7b2ddd9aad
image_b6a04f58-9c4c-4a8d-9cc1-587609666e75,7245a2aa-e2cf-4bd0-9052-9c7b2ddd9aad
image_9c58aea8-7719-49e4-93e5-a3c350638ad8,7245a2aa-e2cf-4bd0-9052-9c7b2ddd9aad
image_ad03acb4-b8eb-4296-b0b8-e2c70e05fb96,7245a2aa-e2cf-4bd0-9052-9c7b2ddd9aad
image_3b185b03-f500-4359-9eab-a49911801632,7245a2aa-e2cf-4bd0-9052-9c7b2ddd9aad
image_bfadfe88-7495-4a32-bb73-3461a729bfd3,962dff14-1233-4ed1-ac89-7baf54bc19e7
image_275deb54-9e6d-4298-b1d4-cf2042bb59bf,962dff14-1233-4ed1-ac89-7baf54bc19e7
image_570ecf96-a781-46b6-a6d4-b1ec9b066d9a,962dff14-1233-4ed1-ac89-7baf54bc19e7
image_ce438e1e-1eb0-4c35-bb0a-7670b3fae086,962dff14-1233-4ed1-ac89-7baf54bc19e7
image_c4717648-bc0c-4e32-942c-db71e7bc94a0,962dff14-1233-4ed1-ac89-7baf54bc19e7
image_c9d208de-fa16-485a-950f-7d18ae6e45dd,962dff14-1233-4ed1-ac89-7baf54bc19e7
image_b15c8801-41a5-4667-9bb6-2a8dccf786a1,962dff14-1233-4ed1-ac89-7baf54bc19e7
image_c1232e57-193d-4a70-99e9-b4623a1ec6e2,962dff14-1233-4ed1-ac89-7baf54bc19e7
image_318ff953-68fc-4b20-afa1-407226fa7284,962dff14-1233-4ed1-ac89-7baf54bc19e7
image_aae72fb7-1f97-429f-ab50-9f2c1ce881ea,962dff14-1233-4ed1-ac89-7baf54bc19e7
image_74191045-23a4-4a67-979f-152b105f3b8d,962dff14-1233-4ed1-ac89-7baf54bc19e7
image_ca438b6e-4a8a-4562-96cb-78441aeff62a,962dff14-1233-4ed1-ac89-7baf54bc19e7
image_6553c759-be10-429d-8350-3e3fc8eb68f2,962dff14-1233-4ed1-ac89-7baf54bc19e7
image_3cdc7150-02f9-429b-9e3f-b1fa65f9637f,962dff14-1233-4ed1-ac89-7baf54bc19e7
image_6aa70e67-03ac-42ee-b379-5be9a21d68b1,962dff14-1233-4ed1-ac89-7baf54bc19e7
image_040c2aee-b669-475f-ab19-8b2049484b02,962dff14-1233-4ed1-ac89-7baf54bc19e7
image_eb6d85bb-c17a-481e-be5c-554ce31c7713,962dff14-1233-4ed1-ac89-7baf54bc19e7
image_f77f9bf2-b7b1-4d0a-a4f9-dbf6dbe5fbb1,962dff14-1233-4ed1-ac89-7baf54bc19e7
image_813bafb2-befe-45fa-b0e3-080f1f019a70,962dff14-1233-4ed1-ac89-7baf54bc19e7
image_d8dcff7f-4b50-4ba7-a279-31194a7031b0,962dff14-1233-4ed1-ac89-7baf54bc19e7
organismid_1,705e6036-aa3d-487c-a184-cf951747d8cb
organismid_2,87fdd8fa-4e85-4043-a258-30cc5f507191
organismid_3,1fcdba64-14d2-490e-9afe-8503a78a8b47
organismid_4,4729dc5c-303c-4c98-a7ef-3eeb716fed2c
organismid_5,22a452e1-784f-468c-868a-7d31dd0fab99
organismid_6,254635b0-94b5-496f-bcc1-49dfdb6e0d46
organismid_7,277b2a9f-a7a8-44df-9924-11e2cc1ad95b
organismid_8,29939500-e3ba-498f-a6d0-cfed8db31796
organismid_9,05230014-f165-4b73-8835-3e86c6d2649f
organismid_10,5ead5692-6766-4c41-a265-dac675cc12b3
organismid_11,a9fa9969-1619-410e-abb3-153683fa2bc1
organismid_12,ebed479a-86bf-49b3-8a9f-a49b07cc0147
organismid_13,3d065f23-426a-449b-8693-f3c6b2ac9c7a
organismid_14,1fa8b00a-8f0e-485e-b98e-eb9bb1ee5a9f
organismid_15,e57d97b3-f15b-48f5-a86c-477952bf8b7a
organismid_16,f5707f70-c264-4f81-9e2f-06d55ad23d37
organismid_17,ccfa9680-f85f-41db-9760-445a19f5dbe7
organismid_18,1a32d481-ff36-4332-85ea-94423193936a
organismid_19,c60eb90d-ab45-4b5a-8e0c-72204fdf4c08
organismid_20,78a45ae5-992b-4324-8e1e-de1e63088269
organismid_21,e622b65c-8e09-4e45-ba32-a4c1a6c29fc7
organismid_22,fb662fab-d94e-490e-8b09-a617daab6383
organismid_23,477b2f9d-33b4-47e3-8f8e-91d8247e2c05
organismid_24,dfdc4c48-3702-4650-aa02-3395257fb9b0
organismid_25,9e191d10-544e-42ea-9935-b55df95a1dd3
organismid_26,a0431321-b705-4598-9f89-47328fc437a9
organismid_27,cb30a896-50c2-473e-9985-0c0c5b468bd0
organismid_28,bb027d7e-5801-4e70-950f-1f1972046962
organismid_29,678d278e-ec4c-4bcd-8e64-9f219ab377a2